-- ============================================
-- 초기 데이터 (프론트엔드 Mock 데이터 기반)
-- ============================================

-- Regions (id: 1~10)
INSERT IGNORE INTO regions (id, city, district, dong) VALUES
(1, '서울특별시', '강남구', '역삼동'),
(2, '서울특별시', '강남구', '삼성동'),
(3, '서울특별시', '서초구', '서초동'),
(4, '서울특별시', '서초구', '반포동'),
(5, '서울특별시', '송파구', '잠실동'),
(6, '서울특별시', '송파구', '가락동'),
(7, '서울특별시', '마포구', '합정동'),
(8, '서울특별시', '마포구', '상수동'),
(9, '서울특별시', '영등포구', '여의도동'),
(10, '서울특별시', '종로구', '종로동');

-- Waste Categories (트리 구조)
-- 최상위 카테고리 (id: 1~5)
INSERT IGNORE INTO waste_categories (id, name, parent_id) VALUES
(1, '가구', NULL),
(2, '가전제품', NULL),
(3, '침구류', NULL),
(4, '운동/레저', NULL),
(5, '기타', NULL);

-- 가구 하위 (id: 6~12)
INSERT IGNORE INTO waste_categories (id, name, parent_id) VALUES
(6, '책상', 1),
(7, '의자', 1),
(8, '소파', 1),
(9, '침대', 1),
(10, '장롱/옷장', 1),
(11, '식탁', 1),
(12, '서랍장', 1);

-- 책상 하위 (id: 13~15)
INSERT IGNORE INTO waste_categories (id, name, parent_id) VALUES
(13, '일반 책상', 6),
(14, '컴퓨터 책상', 6),
(15, '학생용 책상', 6);

-- 의자 하위 (id: 16~17)
INSERT IGNORE INTO waste_categories (id, name, parent_id) VALUES
(16, '사무용 의자', 7),
(17, '소파 의자', 7);

-- 소파 하위 (id: 18~20)
INSERT IGNORE INTO waste_categories (id, name, parent_id) VALUES
(18, '1인 소파', 8),
(19, '2인 소파', 8),
(20, '3인 소파', 8);

-- 침대 하위 (id: 21~23)
INSERT IGNORE INTO waste_categories (id, name, parent_id) VALUES
(21, '싱글 침대', 9),
(22, '더블 침대', 9),
(23, '이층 침대', 9);

-- 가전제품 하위 (id: 24~28)
INSERT IGNORE INTO waste_categories (id, name, parent_id) VALUES
(24, '냉장고', 2),
(25, '세탁기', 2),
(26, '에어컨', 2),
(27, 'TV', 2),
(28, '전자레인지', 2);

-- 침구류 하위 (id: 29~31)
INSERT IGNORE INTO waste_categories (id, name, parent_id) VALUES
(29, '매트리스', 3),
(30, '이불', 3),
(31, '베개', 3);

-- 운동/레저 하위 (id: 32~34)
INSERT IGNORE INTO waste_categories (id, name, parent_id) VALUES
(32, '자전거', 4),
(33, '런닝머신', 4),
(34, '골프채', 4);

-- 기타 하위 (id: 35~37)
INSERT IGNORE INTO waste_categories (id, name, parent_id) VALUES
(35, '카펫/러그', 5),
(36, '거울', 5),
(37, '악기', 5);

-- Waste Items (id: 1~17)
INSERT IGNORE INTO waste_items (id, category_id, name) VALUES
(1, 13, '일반 책상'),
(2, 14, '컴퓨터 책상'),
(3, 16, '사무용 의자'),
(4, 18, '1인 소파'),
(5, 19, '2인 소파'),
(6, 20, '3인 소파'),
(7, 21, '싱글 침대'),
(8, 22, '더블 침대'),
(9, 10, '장롱/옷장'),
(10, 11, '식탁'),
(11, 24, '냉장고'),
(12, 25, '세탁기'),
(13, 26, '에어컨'),
(14, 27, 'TV'),
(15, 29, '매트리스'),
(16, 32, '자전거'),
(17, 33, '런닝머신');

-- Waste Sizes (각 item에 연결)
-- w1: 일반 책상 (sizes: 소형, 중형, 대형)
INSERT IGNORE INTO waste_sizes (id, waste_item_id, label, description) VALUES
(1, 1, '소형 (1m 이하)', '가로 또는 세로 1m 이하'),
(2, 1, '중형 (1m~1.5m)', '가로 또는 세로 1m~1.5m'),
(3, 1, '대형 (1.5m 초과)', '가로 또는 세로 1.5m 초과'),
-- w2: 컴퓨터 책상
(4, 2, '소형 (1m 이하)', '가로 또는 세로 1m 이하'),
(5, 2, '중형 (1m~1.5m)', '가로 또는 세로 1m~1.5m'),
(6, 2, '대형 (1.5m 초과)', '가로 또는 세로 1.5m 초과'),
-- w3: 사무용 의자
(7, 3, '소형', '일반 사무용 의자'),
(8, 3, '대형', '임원용/게이밍 의자'),
-- w4: 1인 소파
(9, 4, '중형', '1인용 소파'),
-- w5: 2인 소파
(10, 5, '중형', '2인용 소파 (1.5m 이하)'),
(11, 5, '대형', '2인용 소파 (1.5m 초과)'),
-- w6: 3인 소파
(12, 6, '대형', '3인용 소파'),
-- w7: 싱글 침대
(13, 7, '중형', '싱글 침대 프레임'),
-- w8: 더블 침대
(14, 8, '대형', '더블/퀸 침대 프레임'),
-- w9: 장롱/옷장
(15, 9, '중형 (1칸)', '1칸짜리 옷장'),
(16, 9, '대형 (2칸 이상)', '2칸 이상 장롱'),
-- w10: 식탁
(17, 10, '소형 (2인용)', '2인용 식탁'),
(18, 10, '중형 (4인용)', '4인용 식탁'),
(19, 10, '대형 (6인용 이상)', '6인용 이상 식탁'),
-- w11: 냉장고
(20, 11, '소형 (200L 이하)', '미니냉장고/김치냉장고'),
(21, 11, '중형 (200~500L)', '일반 냉장고'),
(22, 11, '대형 (500L 초과)', '양문형/4도어 냉장고'),
-- w12: 세탁기
(23, 12, '소형 (미니세탁기)', '미니/벽걸이 세탁기'),
(24, 12, '일반형', '일반 세탁기'),
(25, 12, '대형 (건조기 포함)', '건조기 일체형/드럼세탁기'),
-- w13: 에어컨
(26, 13, '벽걸이형', '벽걸이 에어컨'),
(27, 13, '스탠드형', '스탠드 에어컨'),
-- w14: TV
(28, 14, '소형 (32인치 이하)', '32인치 이하 TV'),
(29, 14, '중형 (32~55인치)', '32~55인치 TV'),
(30, 14, '대형 (55인치 초과)', '55인치 초과 TV'),
-- w15: 매트리스
(31, 15, '싱글', '싱글 매트리스'),
(32, 15, '더블/퀸/킹', '더블 이상 매트리스'),
-- w16: 자전거
(33, 16, '아동용', '아동용 자전거'),
(34, 16, '성인용', '성인용 자전거'),
-- w17: 런닝머신
(35, 17, '대형', '런닝머신');

-- Fees (region_id=1 기준, waste_item_id -> size_id 매핑)
INSERT IGNORE INTO fees (id, region_id, waste_item_id, size_id, fee) VALUES
(1,  1, 1,  1,  5000),
(2,  1, 1,  2,  8000),
(3,  1, 1,  3,  12000),
(4,  1, 2,  4,  5000),
(5,  1, 2,  5,  8000),
(6,  1, 2,  6,  12000),
(7,  1, 3,  7,  3000),
(8,  1, 3,  8,  5000),
(9,  1, 4,  9,  10000),
(10, 1, 5,  10, 15000),
(11, 1, 5,  11, 20000),
(12, 1, 6,  12, 25000),
(13, 1, 7,  13, 8000),
(14, 1, 8,  14, 12000),
(15, 1, 9,  15, 10000),
(16, 1, 9,  16, 15000),
(17, 1, 10, 17, 5000),
(18, 1, 10, 18, 8000),
(19, 1, 10, 19, 12000),
(20, 1, 11, 20, 5000),
(21, 1, 11, 21, 10000),
(22, 1, 11, 22, 15000),
(23, 1, 12, 23, 5000),
(24, 1, 12, 24, 10000),
(25, 1, 12, 25, 15000),
(26, 1, 13, 26, 5000),
(27, 1, 13, 27, 10000),
(28, 1, 14, 28, 5000),
(29, 1, 14, 29, 8000),
(30, 1, 14, 30, 10000),
(31, 1, 15, 31, 8000),
(32, 1, 15, 32, 12000),
(33, 1, 16, 33, 3000),
(34, 1, 16, 34, 5000),
(35, 1, 17, 35, 15000);

-- Sticker Shops
INSERT IGNORE INTO sticker_shops (id, name, address, phone, region_id, lat, lng) VALUES
(1, '역삼동 CU 편의점', '서울특별시 강남구 역삼로 123', '02-1234-5678', 1, 37.5005, 127.0367),
(2, '삼성동 GS25', '서울특별시 강남구 삼성로 456', '02-2345-6789', 2, 37.5088, 127.0633),
(3, '역삼 주민센터', '서울특별시 강남구 역삼로 200', '02-3456-7890', 1, 37.4995, 127.0385),
(4, '서초동 세븐일레븐', '서울특별시 서초구 서초대로 100', '02-4567-8901', 3, 37.4837, 127.0145),
(5, '잠실동 미니스톱', '서울특별시 송파구 올림픽로 300', '02-5678-9012', 5, 37.5133, 127.1000);

-- Community Centers
INSERT IGNORE INTO community_centers (id, name, address, phone, region_id, lat, lng) VALUES
(1, '역삼1동 주민센터', '서울특별시 강남구 역삼로 180', '02-3423-6001', 1, 37.4998, 127.0370),
(2, '삼성1동 주민센터', '서울특별시 강남구 삼성로 520', '02-3423-6002', 2, 37.5090, 127.0640),
(3, '서초2동 주민센터', '서울특별시 서초구 서초대로 150', '02-2155-7001', 3, 37.4840, 127.0150),
(4, '잠실2동 주민센터', '서울특별시 송파구 올림픽로 350', '02-2147-3001', 5, 37.5135, 127.1010);

-- Transport Companies
INSERT IGNORE INTO transport_companies (id, name, phone, region_id, description) VALUES
(1, '강남 폐기물 운반', '02-1111-2222', 1, '강남구 전지역 대형폐기물 운반 대행'),
(2, '서울 이사폐기물', '02-3333-4444', 1, '이사 시 대형폐기물 일괄 수거'),
(3, '서초 운반 서비스', '02-5555-6666', 3, '서초구 대형폐기물 운반'),
(4, '송파 클린 서비스', '02-7777-8888', 5, '송파구 가전/가구 운반 전문'),
(5, '마포 폐기물 대행', '02-9999-0000', 7, '마포구 대형폐기물 운반 대행');
